{"cameraMode":{"drawMode":0,"name":"Shaded","section":"Shading Mode"},"sceneLighting":false,"audioPlay":false,"sceneViewState":{"m_AlwaysRefresh":false,"showFog":false,"showSkybox":false,"showFlares":false,"showImageEffects":false,"showParticleSystems":false,"showVisualEffectGraphs":true,"m_FxEnabled":true},"in2DMode":false,"pivot":{"x":0.0037603378295898439,"y":0.9207568764686585,"z":-0.347689151763916},"rotation":{"x":-0.009313049726188183,"y":0.9854128360748291,"z":-0.1598440408706665,"w":-0.05741412937641144},"size":1.0979065895080567,"orthographic":false}