{"cameraMode":{"drawMode":0,"name":"Shaded","section":"Shading Mode"},"sceneLighting":false,"audioPlay":false,"sceneViewState":{"m_AlwaysRefresh":false,"showFog":false,"showSkybox":false,"showFlares":false,"showImageEffects":false,"showParticleSystems":false,"showVisualEffectGraphs":true,"m_FxEnabled":true},"in2DMode":false,"pivot":{"x":-0.09592413902282715,"y":0.4655156135559082,"z":-0.19913506507873536},"rotation":{"x":0.11387279629707337,"y":-0.8709702491760254,"z":0.23992903530597688,"w":0.413343220949173},"size":2.1838912963867189,"orthographic":false}